Título,Shopping,Data,NOC,Instalador,TAG,Número da probe/telemetria,Local de instalação,Identificação do ponto,Modelo do medidor,Local / LUC,Configuração MODBUS - Endereço,Configuração MODBUS - Baud Rate,Configuração MODBUS - Paridade,TC,Código de erro,Medidor - Pulsos,Medidor - Corrente Ia,Medidor - Prefixo Ia,Medidor - Corrente Ib,Medidor - Prefixo Ib,Medidor - Corrente Ic,Medidor - Prefixo Ic,Medidor - Tensão Van,Medidor - Prefixo Van,Medidor - Tensão Vbn,Medidor - Prefixo Vbn,Medidor - Tensão Vcn,Medidor - Prefixo Vcn,Medidor - Tensão Vab,Medidor - Prefixo Vab,Medidor - Tensão Vbc,Medidor - Prefixo Vbc,Medidor - Tensão Vca,Medidor - Prefixo Vca,Medidor - Potência Ativa,Medidor - Prefixo Potência Ativa,Medidor - Potência Reativa,Medidor - Prefixo Potência Reativa,Medidor - Energia Ativa Acumulada,Medidor - Prefixo Energia Ativa,Medidor Anterior - Energia Ativa Acumulada,Medidor Anterior - Prefixo Energia Ativa,Alicate Ia,Alicate - Prefixo Ia,Alicate Ib,Alicate - Prefixo Ib,Alicate Ic,Alicate - Prefixo Ic,Alicate Van,Alicate - Prefixo Van,Alicate Vbn,Alicate - Prefixo Vbn,Alicate Vcn,Alicate - Prefixo Vcn,Alicate Vab,Alicate - Prefixo Vab,Alicate Vbc,Alicate - Prefixo Vbc,Alicate Vca,Alicate - Prefixo Vca,Zordon Ia,Zordon - Prefixo Ia,Zordon Ib,Zordon - Prefixo Ib,Zordon Ic,Zordon - Prefixo Ic,Zordon Van,Zordon - Prefixo Van,Zordon Vbn,Zordon - Prefixo Vbn,Zordon Vcn,Zordon - Prefixo Vcn,Zordon Vab,Zordon - Prefixo Vab,Zordon Vbc,Zordon - Prefixo Vbc,Zordon Vca,Zordon - Prefixo Vca,Zordon Potência Ativa,Zordon - Prefixo Potência Ativa,Zordon Potência Reativa,Zordon - Prefixo Potência Reativa,Zordon Energia Ativa Acumulada,Zordon - Prefixo Energia Ativa,Relatório Exportado,Observações,Validação,Integração,Anexos
"AC001","Botafogo Área Comum","05/21/2024 01:00 AM","RAFAEL","TONI","AC MUFF 11002 A25C 42","E86BEA02A25C",,"MUFF 11002","Mult-K PLUS",,"42","9600","8N2","700","0",,"229.797","A","267.059","A","349.855","A","226.628","V","226.857","V","227.651","V","391.963","V","393.460","V","393.520","V","4.360","kW","-32.802","kVAr","6,654,889.000","kWh",,"kWh",,"A",,"A",,"A","224.000","V","224.000","V","225.000","V","390.000","V","390.000","V","388.000","V","235.849","A","269.554","A","323.019","A","226.937","V","227.435","V","227.774","V","393.070","V","394.456","V","394.009","V","1,455.131","W","-16,954.594","VAr","6,654,888.500","kWh","Sim","Não foi possível aferir correntes com o alicate amperímetro. Impossibilidade física. Diferença entre potências ativas devido oscilação e momento das coletas;","Sim","Sim","0"
"AC002","Botafogo Área Comum","05/09/2024 04:34 AM","SUPORTE 1","TONI","AC QDEM5001 A934 001","E86BEA02A934","QDEM5001","QDEM5001","ET340",,"1","9600","8N1","NA","NA",,"0.000","A","0.000","A","0.000","A","228.000","V","227.300","V","226.800","V","392.200","V","393.200","V","395.800","V","0.000","W","0.000","VAr","0.000","kWh",,"kWh","0.007","A","0.007","A","0.007","A","227.000","V","226.000","V","226.000","V","393.000","V","393.000","V","395.000","V","0.000","A","0.000","A","0.000","A","227.000","V","226.500","V","226.100","V","390.800","V","391.800","V","394.700","V","6,436.710","W","1,142.780","VAr","0.000","kWh","Sim","Coleta do ativo e reativo da telemetria foi feita em outro horário pois no momento da primeira coleta os dados não vieram. Como a telemetria ficou sem sinal e toda a configuração foi feita com o wi-fi do instalador, somente quando o instalador retornou ao local algumas horas depois foi possível efetuar nova coleta. Observação: Nesta data ainda não havia disponível o recurso de solicitar coleta instantânea dos dados.","Sim","Sim","1"
"AC004","Botafogo Área Comum","05/28/2024 08:15 AM","SUPORTE 1","TONI","AC QCDO 001001 1984 1","4C7525B91984","QCDO 001001","Cisterna","ET330",,"1","9600","8N1","50/5","0",,"202.000","mA","96.000","mA","133.000","mA","226.500","V","226.700","V","226.200","V","392.400","V","392.200","V","392.000","V","49.900","W","11.300","VAr","0.000","kWh",,"kWh","24.000","A","24.200","A","23.800","A","224.000","V","224.000","V","224.000","V","388.000","V","389.000","V","388.000","V","24.940","A","24.960","A","24.930","A","223.800","V","224.600","V","223.700","V","388.100","V","390.000","V","385.500","V","0.000","W","6,851.000","VAr","0.800","kWh","Sim","Potencia ativa variando muito, fotos probe mostram isso.","Sim","Sim","1"
"AC006","Botafogo Área Comum","05/28/2024 12:50 PM","SUPORTE 1","TONI","AC QGBT 004001 DF8C 1","D4D4DAA5DF8C","QGBT - 004001","SALA COMPOSTAGEM","EM340",,"1","9600","8N1",,,,"0.000","A","0.000","A","0.000","A",,"V",,"V",,"V","387.100","V","387.800","V","383.300","V","0.000","W","0.000","VAr","0.010","kWh",,"kWh","4.000","mA","15.000","mA","56.000","mA",,"V",,"V",,"V","388.000","V","387.000","V","388.000","V","0.000","A","0.000","A","0.059","A","0.000","V","0.000","V","0.000","V","385.800","V","390.300","V","384.200","V",,"W",,"VAr","0.000","kWh","Não","Falta potencia ativa e reativa","Sim","Sim","0"
"AC007","Botafogo Área Comum","05/09/2024 02:30 AM","SUPORTE 1","TONI","AC QDEM5002 95D8 002","E86BEA0295D8","QDEM5002","QDEM5002","ET340",,"2","9600","8N1","NA","1",,"0.726","A","3.958","A","0.000","A","226.000","V","225.400","V","226.900","V","390.900","V","391.700","V","392.200","V","984.200","W","230.900","VAr","0.300","kWh",,"kWh","0.072","A","4.030","A","0.745","A","226.000","V","226.000","V","226.000","V","393.000","V","392.000","V","364.000","V","0.724","A",,"A",,"A","225.800","V","225.500","V","227.300","V",,"V","392.000","V",,"V","989.570","W","230.043","VAr","0.700","kWh","Não",,"Sim","Sim","1"
"AC009","Botafogo Área Comum","05/29/2024 07:19 AM","SUPORTE 1","TONI","AC QDNO 004003 17AC 26","4C7525B917AC","QDNO - 004003","CANCELA ENTRADA","iKRON 01-D",,"26","9600","8N2",,,,"2.025","A",,"A",,"A","224.800","V",,"V",,"V",,"V",,"V",,"V","432.900","W","-35.840","VAr","181.600","Wh",,"kWh","2.090","A",,"A",,"A","225.000","V",,"V",,"V",,"V",,"V",,"V","2.024","A",,"A",,"A","224.581","V",,"V",,"V",,"V",,"V",,"V","429.375","W","-32.563","VAr","0.285","Wh","Sim",,"Sim","Sim","0"
"AC008","Botafogo Área Comum","05/29/2024 07:58 AM","SUPORTE 1","TONI","AC QDNO 008003 D574 3","D4D4DAA5D574","QDNO-008003 ","QDNO-008003 ","EM340",,"3","9600","8N1",,,,"4.200","A","4.300","A","3.200","A","223.400","V","223.300","V","224.400","V","386.700","V","385.600","V","389.500","V","1.600","W","1.800","kVAr","0.480","kWh",,"kWh","3.930","A","4.340","A","3.310","A","224.000","V","222.000","V","223.000","V","387.000","V","386.000","V","387.000","V","4.173","A","4.331","A","3.207","A","222.200","V","222.700","V","223.700","V","385.400","V","386.500","V","386.200","V","1,631.400","W","1,675.500","VAr","0.700","kWh","Sim",,"Sim","Sim","0"
"AC010","Botafogo Área Comum","05/29/2024 09:48 AM","SUPORTE 1","TONI","AC QDNO002001 D6B4 10","D4D4DAA5D6B4","QDNO002001","Iluminação Normal Mall","ET330",,"10","9600","8N1","30","1",,"11.040","A","11.670","A","14.280","A","225.100","V","225.400","V","224.800","V","290.100","V","389.800","V","389.600","V","8,068.700","W","624.100","VAr","40.100","kWh",,"kWh","10.900","A","11.400","A","14.100","A","224.000","V","224.000","V","224.000","V","387.000","V","388.000","V","390.000","V","11.100","A","14.040","A","14.340","A","223.900","V","224.400","V","223.600","V","388.200","V","387.900","V","387.500","V","8,400.000","W","1,121.900","VAr","42.300","kWh","Sim",,"Sim","Sim","1"
"AC011","Botafogo Área Comum","05/29/2024 09:27 AM","SUPORTE 1","TONI","AC QDEM002001 D6B4 1","D4D4DAA5D6B4","QDEM002001","Iluminação Emergência Mall","ET330",,"1","9600","8N1","10","0",,"7.720","A","4.560","A","2.040","A","224.000","V","224.500","V","225.500","V","388.400","V","389.700","V","389.200","V","3,134.300","W","425.500","VAr","0.000","kWh",,"kWh","7.640","A","4.400","A","1.738","A","224.000","V","225.000","V","224.000","V","387.000","V","390.000","V","389.000","V","7.680","A","4.560","A","1.980","A","224.200","V","224.200","V","225.500","V","388.100","V","389.600","V","389.400","V","3,120.000","W","424.300","VAr","0.800","kWh","Sim",,"Sim","Sim","1"
"AC012","Botafogo Área Comum","05/29/2024 10:39 AM","SUPORTE 1","TONI","AC QDNO001001 C4A4 1","4C752584C4A4","QDNO001001","Iluminação Normal Mall, Fancoletes, Banheiro PNE e Portas Enrolar/Vidro","ET330",,"1","9600","8N1","40","0",,"20.600","A","24.320","A","18.280","A","226.000","V","226.300","V","225.700","V","391.700","V","391.400","V","391.100","V","13,717.200","W","1,924.600","VAr","47.500","kWh",,"kWh","6.810","A","4.850","A","6.810","A","226.000","V","225.000","V","226.000","V","391.000","V","391.000","V","391.000","V","20.480","A","24.320","A","18.400","A","226.000","V","226.600","V","225.800","V","392.000","V","391.700","V","391.200","V","13,440.000","W","1,907.900","VAr","50.800","kWh","Sim",,"Sim","Sim","1"
"AC013","Botafogo Área Comum","05/29/2024 11:14 AM","SUPORTE 1","TONI","AC QDEM 001001 16F8 1","4C7525B916F8","QDEM 001001","ILUMINAÇÃO DE EMERGÊNCIA MALL","ET330",,"1","9600","8N1","30","0",,"15.270","A","17.220","A","8.730","A","225.400","V","225.600","V","226.900","V","390.500","V","391.800","V","391.700","V","8,631.000","W","912.200","VAr","1.000","kWh",,"kWh","15.000","A","17.200","A","8.100","A","228.000","V","226.000","V","227.000","V","393.000","V","394.000","V","394.000","V","15.270","A","17.010","A","8.790","A","223.700","V","223.800","V","225.000","V","387.500","V","388.400","V","388.500","V","8,640.000","W","880.300","VAr","5.100","kWh","Sim","Potência ativa e reativa do Zordon só foi coletada cerca de 30 minutos depois da coleta realizada no medidor. Telemetria estava dando timeout.","Sim","Sim","1"
"AC014","Botafogo Área Comum","05/29/2024 12:22 PM","SUPORTE 1","TONI","AC QDEM003001 9B9C 1","E86BEA029B9C","QDEM003001","Emergência mall","ET330",,"1","9600","8N1","10","1",,"5.110","A","6.900","A","0.720","A","223.600","V","225.400","V","223.700","V","388.800","V","388.900","V","387.300","V","2,180.200","W","1,386.700","VAr","48.400","kWh",,"kWh","4.300","A","4.600","A","0.800","A","223.000","V","225.000","V","223.000","V","387.000","V","388.000","V","390.000","V","5.150","A","6.900","A","0.720","A","223.300","V","225.300","V","223.500","V","388.500","V","388.600","V","386.900","V","0.000","W","1,390.600","VAr","48.600","kWh","Sim","Telemetria não enviou dado de potência ativa no momento da validação somente algumas horas depois. Mesmo com solicitações instantâneas o valor estava vindo 0.","Sim","Sim","1"
"AC015","Botafogo Área Comum","05/29/2024 12:49 PM","SUPORTE 1","TONI","AC QDNO003001 9B9C 10","E86BEA029B9C","QDNO003001","Iluminação normal mall","ET330",,"10","9600","8N1","30","0",,"18.330","A","15.780","A","16.890","A","223.900","V","225.100","V","224.500","V","388.800","V","389.300","V","388.300","V","7,820.400","W","324.100","VAr","41.800","kWh",,"kWh","18.580","A","16.010","A","17.010","A","225.000","V","222.000","V","391.000","V","388.000","V","389.000","V","391.000","V","16.770","A","15.780","A","18.390","A","224.300","V","225.500","V","225.000","V","389.700","V","391.900","V","387.200","V","0.000","W","252.000","VAr","43.600","kWh","Sim","Telemetria não enviou dados de potência ativa no momento da validação, só enviou no dia seguinte.","Sim","Sim","1"
"AC016","Botafogo Área Comum","05/10/2024 02:56 AM","SUPORTE 1","TONI","AC QDEM6002 9348 2","E86BEA029348","QDEM6002","Iluminação Emergência Estacionamento","ET340",,"2","9600","8N1",,,,"0.000","A","0.000","A","0.000","A","226.900","V","226.100","V","227.100","V","390.300","V","394.400","V","393.100","V","0.000","W","0.000","VAr","1.800","kWh",,"kWh","0.000","A","0.000","A","0.000","A","227.000","V","226.000","V","227.000","V","393.000","V","392.000","V","393.000","V","0.000","A","0.000","A","0.000","A","226.200","V","225.200","V","226.600","V","389.000","V","393.300","V","392.100","V","1,674.970","W","40.625","VAr","1.800","kWh","Sim","Ativo e Reativo do zordon não vieram no momento da validação, então foi pego com horas de atraso, pois a probe não estava online","Sim","Sim","1"
"AC017","Botafogo Área Comum","05/10/2024 04:34 AM","SUPORTE 1","TONI","AC QDEM006003 9EBC 3","E86BEA029EBC","QDNO006003","Iluminação Normal Estacionamento","ET340",,"3","9600","8N1",,"1",,"9.484","A","1.013","A","7.514","A","223.000","V","227.300","V","223.700","V","387.900","V","390.500","V","388.700","V","4,526.400","W","475.700","VAr","4.800","kWh",,"kWh","15.580","A","1.154","A","7.880","A","222.000","V","226.000","V","226.000","V","387.000","V","390.000","V","389.000","V","14.661","A","1.006","A","7.740","A","222.000","V","227.700","V","223.800","V","387.400","V","391.100","V","388.000","V","4,810.055","W","749.983","VAr","6.300","kWh","Sim","Ativo e Reativo não vieram no momento da validação, então foram pego com horas de atraso, pois a probe não estava online.","Sim","Sim","1"
"AC018","Botafogo Área Comum","05/10/2024 12:03 AM","SUPORTE 1","TONI","AC QDEM7002 A8B8 1","E86BEA02A8B8","QDEM7002","Iluminação Emergência Estacionamento","ET340",,"1","9600","8N1",,"0",,"6.173","A","3.539","A","0.000","A","224.400","V","225.900","V","227.700","V","391.900","V","390.800","V","391.500","V","2,112.100","W","19.700","VAr","0.700","kWh",,"kWh","6.320","A","0.100","A","0.003","A","224.000","V","223.000","V","225.000","V","392.000","V","392.000","V","390.000","V","6.076","A","3.395","A","0.000","A","224.100","V","225.700","V","227.500","V","391.200","V","390.400","V","391.200","V","2,290.465","W","30.341","VAr","1.000","kWh","Sim","Ativo e Reativo do zordon, foram pegos com diferença de horario, pois não vieram no momento da validação e a probe não estava online","Sim","Sim","1"
"AC019","Botafogo Área Comum","05/10/2024 02:09 AM","SUPORTE 1","TONI","AC QDNO6002 9348 20","E86BEA029348","QDNO6002 ","Iluminação Normal Estacionamento","ET340",,"20","9600","8N1",,,,"0.725","A","0.544","A","0.029","A","227.000","V","226.600","V","226.400","V","392.800","V","392.300","V","392.600","V","287.700","W","18.700","VAr","0.000","kWh",,"kWh","0.703","A","0.546","A","0.055","A","226.000","V","227.000","V","226.000","V","393.000","V","391.000","V","393.000","V","0.728","A","0.548","A","0.030","A","227.000","V","226.200","V","226.600","V","392.400","V","392.000","V","392.700","V","287.300","W","18.900","VAr","0.100","kWh","Sim",,"Sim","Sim","0"
"AC020","Botafogo Área Comum","05/10/2024 12:00 AM","SUPORTE 1","TONI","AC QDNO006003 9EBC 30","E86BEA029EBC","QDNO006003","Iluminação Emergência Estacionamento","ET340",,"30","9600","8N1",,"1",,"0.943","A","0.000","A","0.374","A","226.900","V","228.800","V","228.800","V","394.600","V","393.800","V","396.100","V","236.900","W","125.400","VAr","0.000","kWh",,"kWh","0.810","A","0.270","A","0.020","A","227.000","V","228.000","V","227.000","V","396.000","V","396.000","V","397.000","V","0.932","A",,"A",,"A",,"V",,"V",,"V",,"V",,"V",,"V",,"W",,"VAr",,"kWh","Não","Falta dados zordon.","Sim","Sim","0"
"AC021","Botafogo Área Comum","05/10/2024 12:03 AM","SUPORTE 1","TONI","AC QDNO7002 A8B8 2","E86BEA02A8B8","QDNO7002","Iluminação Normal Estacionamento","ET340",,"2","9600","8N1",,"0",,"1.385","A","0.190","A","0.971","A","227.900","V","228.200","V","228.200","V","394.900","V","395.600","V","395.400","V","436.500","W","326.900","VAr","0.000","kWh",,"kWh","1.361","A","0.191","A","0.979","A","228.000","V","228.000","V","229.000","V","396.000","V","396.000","V","395.000","V","1.387","A","0.189","A","0.981","A","227.400","V","227.900","V","228.500","V","394.400","V","395.200","V","394.900","V",,"W",,"VAr","0.000","kWh","Não",,"Sim","Sim","0"
"AC022","Botafogo Área Comum","05/11/2024 02:29 AM","SUPORTE 1","TONI","AC QDEL0266 9584 6","E86BEA029584","QDEL0266","NA","ET330",,"6","9600","8N1","10","0",,"1.680","A","1.430","A","0.569","A","227.300","V","226.100","V","227.100","V","394.600","V","390.400","V","393.500","V","564.000","W","-37.100","VAr","0.000","kWh",,"kWh","0.790","A","0.650","A","0.370","A","226.000","V","225.000","V","227.000","V","395.000","V","394.000","V","394.000","V","1.690","A","1.440","A","0.570","A","227.100","V","226.000","V","226.800","V","392.300","V","392.300","V","393.000","V","0.000","W","-35.800","VAr","0.100","kWh","Não",,,"Sim","0"
"AC003","Botafogo Área Comum","05/20/2024 03:15 AM","RAFAEL","TONI","AC QDFL-1008 C474 1","4C752584C474",,"QDFL-1008","ET340","QDFL-1008","1","9600","8N1","NA","1",,"0.000","A","1.348","A","0.000","A","226.500","V","225.500","V","226.900","V","389.400","V","393.700","V","392.600","V","234.100","W","174.000","VAr","0.000","kWh",,"kWh","0.069","A","1.326","A","0.000","A","226.000","V","226.000","V","226.000","V","393.000","V","391.000","V","393.000","V","0.000","A","1.365","A","0.000","A","226.500","V","225.700","V","227.300","V","389.600","V","394.300","V","392.800","V","238.100","W","175.800","VAr","0.000","kWh","Sim",,"Sim","Sim","0"
"AC023","Botafogo Área Comum","05/10/2024 11:41 PM","SUPORTE 1","TONI","AC QDEM004002 A614 2","E86BEA02A614","QDEM004002","NA","ET340",,"2","9600","8N1",,"0",,"0.000","A","0.000","A","0.000","A","226.200","V","227.700","V","227.900","V","393.000","V","394.500","V","393.200","V","0.000","W","0.000","VAr","172.900","kWh",,"kWh","0.009","A","0.010","A","0.009","A","228.000","V","226.000","V","228.000","V","395.000","V","393.000","V","394.000","V","4.890","A","3.343","A","0.466","A","223.300","V","225.000","V","225.900","V","388.400","V","390.400","V","389.200","V","1,912.096","W","83.206","VAr","173.300","kWh",,,,"Sim","0"
"AC024","Botafogo Área Comum","05/10/2024 11:37 PM","SUPORTE 1","TONI","AC QDNO004001 A4CC 1","E86BEA02A4CC","QDNO004001","NA","ET340",,"1","9600","8N1",,"1",,"0.826","A","2.281","A","0.000","A","228.200","V","228.900","V","228.700","V","395.800","V","396.200","V","395.600","V","527.000","W","347.100","VAr","417.700","kWh",,"kWh","0.818","A","1.033","A","0.026","A","229.000","V","228.000","V","229.000","V","398.000","V","397.000","V","398.000","V","0.829","A","0.288","A","0.000","A","228.600","V","229.800","V","229.400","V","396.900","V","397.600","V","396.600","V","260.751","W","39.322","VAr","417.700","kWh","Não",,,"Sim","0"
"AC025","Botafogo Área Comum","05/11/2024 04:12 AM","SUPORTE 1","TONI","AC QDEM005003 9DF4 3","E86BEA029DF4","QDEM005003",,"ET340",,"3","9600","8N1",,"0",,"1.988","A","2.304","A","5.891","A","223.000","V","224.700","V","224.900","V","387.700","V","389.300","V","387.800","V","2,252.800","W","152.400","VAr","9.100","kWh",,"kWh","1.930","A","1.750","A","4.130","A","224.000","V","222.000","V","224.000","V","391.000","V","391.000","V","393.000","V","1.983","A","2.293","A","5.796","A","223.900","V","225.400","V","225.800","V","389.100","V","390.700","V","389.400","V","1,030.700","W","107.700","VAr","9.900","kWh","Não",,,"Sim","0"
"AC026","Botafogo Área Comum","05/11/2024 03:54 AM","SUPORTE 1","TONI","AC QDNO005003 9DF4 30","E86BEA029DF4","QDNO005003",,"ET340",,"30","9600","8N1",,"0",,"2.927","A","1.853","A","0.000","A","225.600","V","226.300","V","226.600","V","391.300","V","392.200","V","391.600","V","1,032.200","W","105.100","VAr","0.100","kWh",,"kWh","1.560","A","1.400","A","0.410","A","226.000","V","228.000","V","226.000","V","395.000","V","396.000","V","395.000","V","2.927","A","1.835","A","0.000","A","226.100","V","226.700","V","228.100","V","392.000","V","393.900","V","393.400","V","1,030.700","W","107.700","VAr","0.100","kWh","Não",,,"Sim","0"
"AC027","Botafogo Área Comum","05/09/2024 02:36 AM","SUPORTE 1","TONI","AC QDNO005001 95D8 1","E86BEA0295D8","QDNO005001","Iluminação Normal Mall, Fancoletes, Banheiro PNE e Portas Enrolar/Vidro","ET330",,"1","9600","8N1",,"1",,"0.202","A","0.180","A","0.234","A","226.900","V","227.400","V","226.900","V","393.400","V","393.400","V","393.000","V","97.700","W","-18.600","VAr","0.000","kWh",,"kWh","4.560","A","2.570","A","4.020","A","226.000","V","226.000","V","227.000","V","392.000","V","392.000","V","393.000","V","0.200","A","0.179","A","0.234","A","226.600","V","227.000","V","226.600","V","383.300","V","383.000","V","384.100","V","98.516","W","-18.594","VAr","0.000","kWh","Não",,"Sim","Sim","0"
"AC028","Botafogo Área Comum","05/09/2024 04:39 AM","SUPORTE 1","TONI","AC QDNO005002 A934 2","E86BEA02A934","QDNO005002","Elevador PNE","ET340",,"2","9600","8N1",,"0",,"0.900","A","0.000","A","0.000","A","228.100","V","227.900","V","228.000","V","396.800","V","394.800","V","392.900","V","169.100","W","15.700","VAr","0.000","kWh",,"kWh","0.006","A","0.007","A","0.006","A","229.000","V","228.000","V","229.000","V","396.000","V","396.000","V","395.000","V","0.899","A","0.000","A","0.000","A","228.300","V","228.200","V","228.300","V","397.600","V","394.100","V","393.500","V","167.557","W","15.274","VAr","0.000","kWh","Não",,,"Sim","0"
"AC029","Botafogo Área Comum","05/14/2024 03:23 AM","SUPORTE 1","TONI","AC BASE 004002 A600 1","E86BEA02A600","BASE 004002","Base estacionamento ","ET330",,"1","9600","8N1","10","1",,"0.000","A","0.000","A","0.000","A","226.600","V","228.100","V","227.900","V","393.700","V","394.900","V","393.600","V","0.000","W","0.000","VAr","0.000","kWh",,"kWh","0.000","A","0.000","A","0.000","A","228.000","V","228.000","V","227.000","V","395.000","V","395.000","V","394.000","V","0.000","A","0.000","A","0.000","A","227.300","V","228.900","V","228.600","V","391.800","V","393.100","V","391.700","V","0.000","W","0.000","VAr","0.000","kWh",,,,"Sim","0"
"AC030","Botafogo Área Comum","05/14/2024 12:58 AM","SUPORTE 1","TONI","AC QDNO 005004 98CC 1","E86BEA0298CC","QDNO 005004  ","BASE MANUTENÇÃO ","ET330",,"1","9600","8N1","20","0",,"1.660","A","0.000","A","13.840","A","228.700","V","0.000","V","226.500","V","0.000","V","0.000","V","394.200","V","3,238.900","W","1,469.400","VAr","0.000","kWh",,"kWh","2.130","A","1.041","A","13.940","A","228.000","V","226.000","V","226.000","V","392.000","V","394.000","V","394.000","V","1.840","A","0.000","A","13.700","A","228.200","V","0.000","V","226.100","V","0.000","V","0.000","V","0.000","V","630.303","W","1,334.529","VAr","0.800","kWh","Não",,,"Sim","0"
"AC031","Botafogo Área Comum","05/14/2024 12:24 AM","SUPORTE 1","TONI","AC QDNO5004 16C8 1","4C7525B916C8","QDNO005004","QDNO005004","ET340",,"1","9600","8N1",,"0",,"0.025","A","0.000","A","0.248","A","227.600","V","228.200","V","226.400","V","394.700","V","395.600","V","391.100","V","24.800","W","11.400","VAr","0.000","kWh",,"Wh","0.033","A","0.000","A","0.139","A","223.000","V","225.000","V","225.000","V","388.000","V","388.000","V","390.000","V","0.000","A","0.000","A","0.000","A","223.900","V","224.800","V","222.800","V","388.500","V","389.400","V","384.800","V","0.000","W","0.000","VAr","0.000","kWh","Não",,"Sim",,"0"
"AC032","Botafogo Área Comum","05/16/2024 03:11 AM","SUPORTE 2","TONI","AC QGBT 004001 16A4 1","4C7525B916A4","QGBT 004001","VESTIÁRIO FEMININO","ET330",,"1","9600","8N1","20","1",,"0.123","A","2.120","A","0.000","A","230.000","V","229.400","V","229.100","V","397.800","V","397.000","V","397.500","V","278.800","W","99.100","VAr","0.000","kWh",,"kWh","0.420","A","2.060","A","0.127","A","229.000","V","229.000","V","230.000","V","397.000","V","396.000","V","398.000","V","0.123","A","2.020","A","0.000","A","229.500","V","228.900","V","228.800","V","397.200","V","396.400","V","396.800","V","0.000","W","81.500","VAr","0.100","kWh",,,,"Sim","0"
"AC033","Botafogo Área Comum","05/17/2024 01:29 AM","SUPORTE 1","TONI","AC QDEM 9003 C4D0 2","4C752584C4D0","QDEM 9003 ","Oficina Refrigeração","ET330",,"1","9600","8N1","10","0",,"0.000","A","0.000","A","0.000","A","228.300","V","227.800","V","228.700","V","394.900","V","395.300","V","395.700","V","0.000","W","0.000","VAr","0.000","kWh",,"kWh","0.000","A","0.040","A","0.000","A","228.000","V","229.000","V","228.000","V","396.000","V","396.000","V","395.000","V","2.690","A","1.110","A","0.000","A","228.100","V","228.200","V","229.400","V","384.400","V","385.900","V","386.000","V","80.000","W","36.900","VAr","0.000","kWh","Não",,"Sim","Sim","0"
"AC034","Botafogo Área Comum","05/17/2024 12:00 AM","SUPORTE 1","TONI","AC QDNO 008001 8BA8 7","4C7525848BA8","QDNO - 008001","CM Fancoils","Mult-K 120/30Wh",,"7","9600","8N2"," 1.00","0",,"0.000","A","0.000","A","0.000","A","0.000","V","0.000","V","0.000","V","0.000","V","0.000","V","0.000","V","0.000","W","0.000","VAr","38,490.934","kWh",,"kWh","0.115","A","0.062","A","0.087","A","228.000","V","228.000","V","227.000","V","395.000","V","395.000","V","396.000","V",,"A",,"A",,"A",,"V",,"V",,"V",,"V",,"V",,"V",,"W",,"VAr",,"kWh",,"Falta dados zordon","Sim","Sim","0"
"AC035","Botafogo Área Comum","05/17/2024 03:37 AM","SUPORTE 1","TONI","AC QDNO 008004 9694 1","E86BEA029694","QDNO - 008004","Refeitório Lojista","ET340",,"1","9600","8N1",,"1",,"14.885","A","1.463","A","0.840","A","222.400","V","227.300","V","228.900","V","389.400","V","395.000","V","390.800","V","3,481.600","W","850.900","VAr","0.100","kWh",,"kWh","15.320","A","1.516","A","0.882","A","223.000","V","229.000","V","227.000","V","391.000","V","392.000","V","392.000","V","14.888","A",,"A",,"A","222.700","V","227.300","V","229.100","V",,"V","393.300","V",,"V",,"W",,"VAr",,"kWh",,"Falta dados do zordon",,,"0"
"AC037","Botafogo Área Comum","05/18/2024 01:21 AM","SUPORTE 1","TONI","AC QDEM 0263 A0BC 3","E86BEA02A0BC","QDEM 0263","QDEM 0263","ET330",,"3","9600","8N1","20","1",,"0.397","A","0.590","A","5.640","A","225.400","V","225.600","V","225.800","V","390.500","V","390.900","V","390.700","V","1,243.000","W","746.600","VAr","0.000","kWh",,"kWh","0.431","A","0.851","A","1.609","A","225.000","V","225.000","V","226.000","V","390.000","V","391.000","V","391.000","V","0.397","A","0.587","A","1.320","A","226.800","V","226.500","V","226.900","V","392.500","V","392.600","V","392.900","V","560.000","W","3,023.000","VAr","0.100","kWh","Não",,"Sim","Sim","0"
"AC036","Botafogo Área Comum","05/17/2024 12:32 AM","SUPORTE 1","TONI","AC QGBT 009001 16B8 2","4C7525B916B8","QGBT 009001 ","CAG","Mult-K PLUS",,"2","9600","8N1","400","1",,"0.000","A","0.000","A","0.000","A","227.650","V","228.059","V","227.892","V","394.884","V","394.982","V","394.862","V","0.000","W","0.000","VAr","1,257,784.500","kWh",,"kWh",,"A",,"A",,"A","228.000","V","227.000","V","227.000","V","395.000","V","394.000","V","393.000","V","0.000","A","0.000","A","0.000","A","227.128","V","227.445","V","227.545","V","394.052","V","394.362","V","393.450","V",,"W",,"VAr","1,257,784.500","kWh",,"FALTA DADOS ZORDON",,"Sim","0"
"AC038","Botafogo Área Comum","05/18/2024 02:25 AM","SUPORTE 1","TONI","AC QDEM 0264 1528 4","4C7525B91528","QDEM 0264","QDEM 0264","ET340",,"4","9600","8N1",,"0",,"0.760","A","0.812","A","0.531","A","226.300","V","227.600","V","228.200","V","395.000","V","392.700","V","393.600","V","387.400","W","59.500","VAr","0.200","kWh",,"kWh","0.765","A","0.833","A","0.559","A","228.000","V","226.000","V","224.000","V","393.000","V","394.000","V","394.000","V","0.762","A","0.815","A","0.529","A","226.100","V","227.400","V","228.000","V","394.700","V","392.400","V","393.300","V","388.500","W","62.100","VAr","0.200","kWh","Não",,,"Sim","0"
"AC039","Botafogo Área Comum","05/18/2024 05:38 AM","SUPORTE 1","TONI","AC QDNO6004 C3E0 1","4C752584C3E0","QDNO6004"," Base Terceirizada Conservação","ET340",,"3","9600","8N1",,"0",,"0.596","A","3.571","A","0.000","A","226.400","V","226.200","V","227.400","V","391.900","V","392.800","V","393.000","V","861.800","W","285.600","VAr","0.100","kWh",,"kWh","4.540","A","1.503","A","0.160","A","228.000","V","226.000","V","225.000","V","393.000","V","393.000","V","390.000","V","8.914","A","4.387","A","0.203","A","225.300","V","226.800","V","228.200","V","391.400","V","394.000","V","392.700","V","2,987.500","W","408.500","VAr","1.300","kWh","Não",,"Sim",,"0"
"AC040","Botafogo Área Comum","05/22/2024 02:00 AM","SUPORTE 1","TONI","AC QDEM 008001 DA00 1","D4D4DAA5DA00","QDEM 008001","QDEM 008001","ET340",,"1","9600","8N1",,,,"2.782","A","1.027","A","1.208","A","226.100","V","225.700","V","225.700","V","391.200","V","388.900","V","393.200","V","0.000","W","0.000","VAr","0.000","kWh",,"kWh","2.770","A","1.028","A","1.854","A","227.000","V","226.000","V","226.000","V","392.000","V","393.000","V","392.000","V",,"A",,"A",,"A",,"V",,"V",,"V",,"V",,"V",,"V",,"W",,"VAr",,"kWh",,"Falta dados do zordon","Sim","Sim","0"
"AC041","Botafogo Área Comum","05/22/2024 01:00 AM","SUPORTE 1","TONI","AC QDNO 008001 E020 1","D4D4DAA5E020","QDNO 008001","QDNO 008001","ET330",,"1","9600","8N1","10","0",,"20.710","A","12.580","A","14.960","A","226.000","V","226.800","V","225.200","V","392.100","V","391.400","V","390.700","V","6,437.500","W","681.700","VAr","0.500","kWh",,"kWh","19.900","A","12.100","A","14.400","A","226.000","V","227.000","V","226.000","V","393.000","V","392.000","V","393.000","V","20.680","A","12.520","A","14.870","A","226.000","V","226.900","V","225.300","V","384.800","V","386.500","V","381.700","V","6,440.000","W","686.500","VAr","2.100","kWh","Não",,"Sim",,"0"
"AC042","Botafogo Área Comum","05/23/2024 11:50 PM","SUPORTE 1","TONI","AC CARREGADOR VOLVO 1 D534 10","D4D4DAA5D534",,"CARREGADOR VOLVO 1 ","Mult-K 120",,"10","9600","8N2","1","1",,"0.000","mA","0.000","mA","406.874","mA","226.127","V","225.886","V","226.749","V","390.810","V","392.903","V","392.269","V","52.846","W","-76.115","VAr","1,833.763","kWh",,"kWh","0.003","A","0.064","A","0.329","A","228.000","V","227.000","V","228.000","V","395.000","V","396.000","V","395.000","V","0.000","A","0.000","A","0.318","A","226.727","V","225.911","V","226.712","V","391.650","V","392.054","V","392.771","V","38.342","W","-60.661","VAr","1,833.790","kWh","Não",,"Sim","Sim","0"
"AC043","Botafogo Área Comum","05/23/2024 12:12 AM","SUPORTE 1","TONI","AC CARREGADOR VOLVO 2 D534 11","D4D4DAA5D534",,"CARREGADOR VOLVO 2 ","Mult-K 120",,"11","9600","8N2","0","1","0",,"A","0.000","A","172.620","mA","0.000","V","0.000","V","0.000","V","0.000","V","0.000","V","0.000","V","230.664","W","0.000","VAr","8,103.035","kWh",,"kWh","0.043","A","0.072","A","0.049","A","228.000","V","227.000","V","228.000","V","393.000","V","394.000","V","392.000","V","0.000","A","0.000","A","0.185","A","0.000","V","0.000","V","0.000","V","0.000","V","0.000","V","0.000","V","0.318","W","0.000","VAr","8,103.035","kWh",,,,"Sim","0"
"AC044","Botafogo Área Comum","06/13/2024 11:49 PM","SUPORTE 1","TONI","AC CARREGADOR VOLVO 3 D534 12","D4D4DAA5D534",,"CARREGADOR VOLVO 3 ","Mult-K 120",,"12","9600","8N2","0","1",,"0.000","A","0.000","A","0.000","A","226.384","V","227.079","V","226.987","V","392.241","V","393.383","V","392.543","V","0.000","W","0.000","VAr","5,952.504","kWh",,"kWh","0.081","A","0.073","A","0.091","A","228.000","V","227.000","V","228.000","V","394.000","V","393.000","V","395.000","V","0.000","A","0.000","A","0.000","A","226.905","V","227.483","V","227.273","V","393.001","V","393.964","V","393.312","V","0.000","W","0.000","VAr","5,952.504","kWh",,,,"Sim","0"
"AC045","Botafogo Área Comum","05/23/2024 04:15 AM","SUPORTE 1","TONI","AC QDEM004001 D2E8 1","D4D4DAA5D2E8","QDEM004001","QDEM004001","ET330",,"1","9600","8N1","10","1",,"1.220","A","0.650","A","0.052","A","228.400","V","229.000","V","229.700","V","396.100","V","397.100","V","396.700","V","385.400","W","-7.500","VAr","0.000","kWh",,"kWh","1.155","A","0.630","A","0.079","A","228.000","V","229.000","V","229.000","V","397.000","V","396.000","V","397.000","V","1.210","A","0.640","A","0.054","A","227.900","V","228.700","V","229.500","V","395.300","V","394.800","V","398.100","V","7.900","W","-16.000","VAr","0.000","kWh","Não",,"Sim","Sim","0"
"AC046","Botafogo Área Comum","05/23/2024 12:00 AM","SUPORTE 1","TONI","AC QDEM006001 17D8 1","4C7525B917D8","QDEM006001","QDEM006001","ET330",,"1","9600","8N1","10","0",,"0.151","A","0.000","A","0.870","A","228.200","V","227.600","V","227.700","V","394.700","V","396.200","V","382.800","V","217.100","W","81.100","VAr","0.000","kWh",,"kWh","0.962","A","0.179","A","1.204","A","227.000","V","227.000","V","227.000","V","394.000","V","394.000","V","394.000","V","0.153","A","1.190","A","0.880","A","227.700","V","227.100","V","227.300","V","393.900","V","395.400","V","392.000","V","0.000","W","147.600","VAr","0.000","kWh",,,,"Sim","0"
"AC047","Botafogo Área Comum","05/23/2024 01:10 AM","SUPORTE 1","TONI","AC QDEM007001 C06C 1","4C752584C06C","QDEM007001","QDEM007001","ET330",,"1","9600","8N1","10","1",,"0.000","A","0.000","A","0.000","A","227.300","V","227.400","V","228.200","V","391.700","V","396.500","V","394.400","V","0.000","W","0.000","VAr","0.000","kWh",,"kWh","0.000","A","0.000","A","0.000","A","228.000","V","227.000","V","228.000","V","395.000","V","396.000","V","394.000","V","0.000","A","0.000","A","0.000","A","228.100","V","228.000","V","228.900","V","392.900","V","397.400","V","395.600","V","0.000","W","0.000","VAr","0.000","kWh","Não",,,"Sim","0"
"AC048","Botafogo Área Comum","05/23/2024 02:42 AM","SUPORTE 1","TONI","AC QDNO004002 D2E8 2","D4D4DAA5D2E8","QDNO004002","QDNO004002","ET330",,"2","9600","8N1","20","1",,"0.000","A","0.000","A","0.113","A","227.400","V","227.800","V","227.200","V","394.200","V","393.000","V","393.600","V","23.200","W","13.300","VAr","0.000","kWh",,"kWh","0.000","A","0.000","A","0.114","A","228.000","V","228.000","V","227.000","V","395.000","V","394.000","V","395.000","V","0.000","A","0.000","A","0.115","A","228.000","V","228.500","V","228.000","V","395.100","V","395.200","V","394.900","V","0.000","W","13.200","VAr","0.000","kWh","Não",,,"Sim","0"
